1,-0.82978,-1.7419,0.769778,95.817509999999999
2,2.203245,3.898273,3.753887,101.143564
3,-4.998856,2.517077,1.085654,96.879147000000003
4,-1.976674,2.626321,-2.483404,94.504636000000005
5,-3.532441,-0.30521,-2.038701,95.415391
6,-4.076614,-2.892355,0.329226,99.160821999999996
7,-3.137398,-4.585249,4.620782,109.684864
8,-1.544393,-1.781712,-3.155044,97.069243
9,-1.032325,-4.628873,0.098984,101.99706599999999
10,0.388167,1.938554,-1.562119,93.472848999999997
11,-0.808055,1.7035,2.697253,95.736752999999993
12,1.852195,-0.695282,3.028665,99.571607
13,-2.955478,2.67789,-0.754401,94.020578999999998
14,3.781174,0.360085,-2.958775,99.345697999999999
15,-4.726124,-4.601401,-4.329105,107.35749899999999
16,1.704675,-3.652069,-3.013517,101.545056
17,-0.826952,-3.065836,-2.275991,98.305327000000005
18,0.586898,-1.643362,0.987889,96.469722999999988
19,-3.596131,-4.476871,3.730835,107.467524
20,-3.018985,1.051168,-3.717691,96.711336999999986
21,3.007446,0.12061,4.581887,104.33044999999998
22,4.682616,1.17461,1.831708,101.925105
23,-1.865758,-0.676444,2.419642,96.449043999999986
24,1.923226,3.477005,4.828808,103.19190399999999
25,3.763892,-0.459409,-0.838992,98.610933000000003
26,3.946067,-4.845965,0.315835,107.66231499999999
27,-4.149558,3.730681,1.79213,97.460222000000016
28,-4.609452,1.562015,0.128751,95.479528000000002
29,-3.301696,3.23003,-2.008877,95.431178000000003
30,3.781425,4.517757,-3.946153,102.51393
31,-4.016532,-4.490876,-2.150679,103.35941800000001
32,-0.788924,-2.649281,2.688528,100.029292
33,4.578895,-4.366566,1.407827,108.763777
34,0.331653,-0.783421,3.013307,98.165578999999994
35,1.918771,3.638291,0.171205,95.934525000000008
36,-1.844844,-4.18376,-2.679,101.56066300000001
37,1.865009,-0.26888,1.279619,96.399338999999998
38,3.346257,-3.744569,-1.959945,103.101111
39,-4.817117,2.728856,-4.704713,101.664931
40,2.501443,3.414222,4.033312,101.80289
41,4.888611,-4.567091,-0.796304,108.473451
42,2.481657,-0.135593,-0.738692,95.963162000000011
43,-2.19556,-2.60589,2.412517,99.496688000000006
44,2.892793,4.524738,4.484584,104.495206
45,-3.96774,4.438926,-4.274845,101.03021999999999
46,-0.521065,1.13934,-3.272989,94.913883999999996
47,4.085955,4.734874,-1.776425,101.58137399999998
48,-2.063859,-1.551387,-2.515758,96.111418
49,-2.122247,3.978507,-0.04505,94.750732999999997
50,-3.699714,-0.65405,3.244596,98.830838
51,-4.80633,-2.641854,3.539724,103.489374
52,1.788355,4.40828,0.958299,97.222755000000006
53,-2.883719,1.842181,-2.598263,94.900871999999993
54,-2.344533,-4.350884,-3.135073,102.757769
55,-0.084268,3.704249,2.433905,96.609321999999992
56,-4.466375,2.013803,-2.627859,96.833324000000005
57,0.741176,1.049269,0.394909,93.752448000000001
58,-3.532714,2.323749,2.492808,96.615769
59,0.893055,-2.46561,-2.717509,98.122524999999996
60,1.997584,1.00489,-3.254988,96.508295000000004
61,-3.976656,3.146192,-4.602643,100.446426
62,-0.85944,-4.458863,-3.524312,103.2937
63,1.944002,-3.694893,3.514389,106.091933
64,-0.858207,3.424458,-3.953641,97.158531000000011
65,-4.500465,1.183459,-2.76355,96.935293000000001
66,0.358964,0.312878,-4.672428,98.150394000000006
67,1.637946,-2.517093,1.763566,99.903714000000008
68,0.148891,-2.049214,-2.682969,96.985708000000002
69,4.445948,3.726862,-0.864083,100.81404699999999
70,0.86555,-0.783341,-3.606988,97.021692000000002
71,4.034019,-4.355697,-1.227827,105.85033
72,-3.625253,3.969851,-0.755625,95.861359999999991
73,-3.607237,-2.966192,-0.27035,98.647075000000001
74,3.073913,3.262275,-0.771582,97.195575000000005
75,-1.023232,3.817706,-3.972434,97.639772999999991
76,-3.346458,-0.132493,2.725803,97.147406999999987
77,4.275086,0.984647,-3.62794,101.24976699999999
78,-1.522341,0.272675,-0.757076,93.152991999999998
79,2.508121,1.248213,-2.280439,96.046792000000011
80,2.25998,3.550417,-1.989921,96.560854000000006
81,3.833061,-2.178606,1.724208,102.809292
82,1.236722,3.837555,0.177867,95.405358000000007
83,2.509424,0.676903,-3.099129,97.065406999999993
84,-1.511017,-3.84897,-0.308656,99.657261000000005
85,-2.300721,-2.729988,-1.604591,97.460835000000003
86,3.958862,0.959824,2.044972,100.43834699999999
87,-0.719088,-2.605538,-2.739048,97.837525999999997
88,4.6484,-3.685843,3.449881,110.695173
89,1.634415,-3.381523,0.262297,100.178226
90,1.216957,3.448725,0.006196,94.893697000000003
91,-3.85254,1.021837,-2.463142,95.676152000000002
92,4.494893,4.635671,-3.138443,103.32828599999999
93,-0.500879,-1.543208,-0.281809,95.01461900000001
94,0.783896,0.956251,4.818244,101.61594600000001
95,-0.918632,0.989853,-3.670938,95.602649
96,-2.62973,1.157043,-2.165376,94.160509999999988
97,4.033795,-4.408228,3.006412,110.229097
98,0.736795,2.503172,1.647769,95.045244999999994
99,-4.971297,4.482095,-2.212416,99.235656000000006
100,1.171449,0.346791,-1.853524,94.393974999999998
101,-1.733551,-3.07444,-0.800517,97.767150999999998
102,0.270581,2.529259,1.027868,94.113450999999998
103,3.859421,-4.92681,2.193388,109.896897
104,-1.427302,-1.717439,3.573003,100.05094099999999
105,4.085352,4.176063,1.811115,101.852279
106,1.233601,0.883673,-2.630179,94.930512999999991
107,-4.841788,3.551903,4.257205,102.659144
108,4.294372,1.046721,2.811954,102.48624699999999
109,1.908969,3.225782,-1.926185,95.745452999999998
110,4.973229,3.794835,-1.950344,102.64945
111,-3.276595,-1.790136,3.811683,101.235743
112,-3.628643,-3.770452,-3.739215,103.02718400000001
113,4.325955,2.213033,1.334608,100.445137
114,1.968182,-0.596529,-2.222873,96.165031999999997
115,-4.339998,-3.732643,3.272003,105.03657200000001
116,2.554631,0.898236,-1.354766,95.644655
117,2.538762,-4.639317,2.333661,107.08180400000001
118,4.230245,-2.998179,-3.075821,104.07214299999998
119,2.115248,2.883012,-0.185541,95.39820499999999
120,-3.75729,-4.879032,3.035946,107.41865300000001
121,-4.801199,-1.966543,-1.030118,98.266141000000005
122,-4.73789,-4.78624,-3.38426,106.30527599999999
123,-4.716935,4.97485,1.489822,99.669091000000009
124,-2.537889,0.8203,2.533258,95.843997000000002
125,3.600279,-2.066237,-2.198074,100.517346
126,0.388311,4.289495,-0.486381,95.229827
127,0.52822,0.071194,4.004489,99.718549999999993
128,3.420309,-0.453078,3.719856,103.401791
129,-3.758267,0.878715,2.071876,96.011281999999994
130,-2.208163,-2.358624,0.909006,97.143720000000002
131,0.857593,-1.947117,3.173823,100.56266099999999
132,4.695957,-1.283454,4.076446,108.07711400000001
133,0.610302,-2.55552,-4.974924,102.162431
134,-4.813527,0.845473,-1.027722,95.908017999999998
135,3.006327,1.958461,0.614097,96.817097000000004
136,-2.670257,-4.280528,2.339231,103.677753
137,3.071052,4.710833,-4.125272,101.970341
138,-1.121394,2.530707,-1.00245,93.162846999999999
139,3.635419,3.061632,-2.203788,98.637239999999991
140,2.471216,2.516404,-0.764899,95.625624999999999
141,0.562402,-4.19939,-0.020214,101.202816
142,-3.635448,-0.183037,1.600152,95.830835000000008
143,-4.400823,-0.54327,-0.037639,95.922837000000001
144,-3.786565,1.724727,1.204682,95.077996999999996
145,-4.554481,-0.512627,0.824399,96.441516000000007
146,-3.925059,2.043134,-0.716676,94.678582000000006
147,-2.742907,1.816453,-4.950236,99.31170800000001
148,2.12989,1.971485,-3.054836,96.417995999999988
149,0.59717,1.186007,-1.797933,93.672724000000017
150,-4.87444,-3.490193,-3.530219,103.44941599999999
151,-4.280257,2.608025,0.986639,95.84497300000001
152,4.672763,2.810458,1.114995,101.44728499999999
153,0.681005,4.04103,0.000933,95.14574300000001
154,-2.967068,-2.662313,-1.791511,97.829453999999998
155,-2.476743,-3.233211,1.532581,99.731789000000006
156,2.438259,-1.089009,-3.097165,98.182323999999994
157,-3.045705,-1.794353,-4.94119,101.477453
158,0.813589,3.154769,2.34942,96.461471000000003
159,4.7002,1.135259,-0.564962,100.20751200000001
160,3.468288,2.600018,1.978417,99.326548000000003
161,-2.601522,-0.723349,-3.149567,96.292236000000003
162,-0.062303,-4.005594,-4.373802,103.69350700000001
163,1.199557,-3.84965,-1.218914,100.49392399999999
164,3.289809,-1.265929,1.959965,100.68580599999999
165,-3.432086,-3.061522,-3.971816,101.73480000000001
166,-4.814238,3.207465,-3.041658,98.656601000000009
167,-4.299779,0.99636,-0.460473,95.002616000000017
168,-0.136549,1.888453,1.211492,93.877257
169,1.063295,-0.0889,2.501242,97.100938999999997
170,0.688514,-4.118263,-3.90265,103.32899800000001
171,-1.826376,-2.649224,1.246236,97.930659999999989
172,4.886162,-0.383979,-1.126395,101.376149
173,0.797452,-3.014085,1.700904,100.031654
174,-1.198588,-4.745238,-2.964396,103.377184
175,0.509482,2.293977,0.279188,93.637449000000004
176,2.453344,2.249167,-3.278374,97.245569000000003
177,1.692329,-1.696083,-4.81319,101.208641
178,-2.350804,3.434941,-0.130498,94.229261000000008
179,-4.336652,-0.715575,-3.158222,98.078778
180,-1.299158,3.646861,1.383433,95.030377000000001
181,1.297175,1.570654,0.365748,94.175806000000009
182,-2.89826,0.810357,2.749454,96.409852000000001
183,2.527556,-2.992725,-1.070401,99.983767
184,-4.334635,0.295466,4.894521,102.67780400000001
185,-2.396849,3.944324,0.152147,94.905219000000002
186,3.047546,-1.95006,-0.211766,99.119782999999998
187,-3.065657,3.709456,2.494425,97.356635000000011
188,1.394609,4.087453,0.726883,96.168093999999996
189,0.246703,-1.701554,-1.375347,95.558506999999992
190,4.24808,1.830744,-0.107552,99.144066000000009
191,-2.367032,3.992209,-3.108616,96.810628999999992
192,-4.340389,-4.243031,-1.064166,102.55511199999999
193,2.35066,3.785879,-4.700382,100.94073700000001
194,2.72178,-3.091606,-0.374709,100.617346
195,4.078159,3.497689,-2.255259,100.062663
196,4.319721,1.671188,0.267159,99.474772999999999
197,-4.860484,-1.556608,-4.707279,102.74922000000001
198,-2.656379,-3.486244,0.550868,99.517121000000003
199,1.167784,1.35371,-2.070021,94.280595000000005
200,4.490163,3.47788,0.774907,101.21115
201,4.501761,3.218494,2.327699,102.633681
202,0.566532,1.282396,-0.596622,93.281666999999999
203,4.156063,4.563015,1.631568,102.389089
204,1.415662,0.899231,-2.6109,95.073081999999999
205,-1.099923,-3.021672,4.985991,106.24899500000001
206,-0.140093,-0.706693,-2.571215,95.030174000000002
207,1.043105,-1.63254,4.408284,103.191818
208,0.495479,4.91945,-2.827802,97.743352999999999
209,4.261814,-1.197635,-0.024356,100.72552400000001
210,4.187334,4.927009,3.21177,104.970973
211,-1.051244,0.188043,2.16588,95.266405000000006
212,4.632625,-3.277203,2.055804,107.19417399999999
213,-3.260443,-4.254259,-0.595594,101.50799499999999
214,-3.736705,-1.296943,2.54175,98.348514999999992
215,-3.649208,-3.765811,4.199536,106.599996
216,0.056622,1.345187,-0.586483,93.002423000000007
217,-4.784752,-0.860802,0.279655,96.830038000000002
218,4.479702,4.909156,-4.339644,105.210155
219,3.271155,4.299556,-1.092269,98.864723999999995
220,-4.84981,-3.50764,-0.327614,101.31854799999999
221,-3.238037,-1.051177,3.951377,100.496989
222,-1.679364,-0.384203,-3.894426,96.817067000000009
223,-3.690032,0.609488,2.311376,96.360715999999996
224,3.094907,2.803635,0.454712,97.231947000000005
225,-1.552633,-0.128061,1.065354,94.163943000000003
226,4.401075,-0.800064,-4.702171,104.590654
227,0.820142,-2.380003,-3.532526,99.006489999999985
228,3.78832,4.108061,-2.160168,100.06947599999999
229,3.447344,-4.777285,-4.95128,109.606889
230,4.053923,3.211219,1.691578,100.67050900000001
231,-0.401197,-3.115316,3.702579,103.268401
232,0.463468,1.857569,0.469683,93.585362000000003
233,2.986036,-1.447906,0.43164,98.651515000000003
234,-2.142811,4.742126,1.157259,96.567779999999999
235,-0.097465,-3.772279,-1.978185,99.865893
236,0.991103,-3.124301,-1.33268,98.626986000000002
237,-4.844667,3.894425,0.749397,97.664669000000004
238,0.934814,0.834063,3.092166,97.523078999999996
239,-0.663237,-1.907536,-2.984034,96.941479999999999
240,3.073605,-4.992356,-1.724759,105.988545
241,-1.847552,-2.724023,2.429213,99.692672000000002
242,3.928887,-3.545964,-1.590798,103.66322100000001
243,0.778572,-2.965662,-4.523891,101.947399
244,-3.159898,3.963226,-3.436431,97.914208000000002
245,2.879292,3.730944,-3.061351,98.674687000000006
246,1.120312,2.002894,-0.048876,93.879938999999993
247,-4.460907,-0.295023,1.35125,96.546311000000003
248,-0.798063,3.27136,3.8022,98.730840000000001
249,1.790688,-0.041736,4.025366,101.12191
250,4.186018,-1.365113,-1.928392,100.73208500000001
251,-4.99598,-2.243969,2.533801,101.15078
252,4.767591,4.247408,-2.17572,102.76548100000001
253,-1.234197,-1.130108,-1.314231,94.471018999999998
254,4.737835,-0.071191,-2.072734,101.11686399999999
255,1.047161,-2.455619,-0.863093,97.270655000000005
256,3.288458,3.849665,-2.852843,99.277243999999996
257,0.747115,-1.167365,-1.81014,95.325724000000008
258,1.280762,-2.024253,-3.780802,99.161404000000005
259,-2.144237,2.17595,4.630182,100.373468
260,0.868333,-3.091301,0.03983,98.677593999999999
261,2.500218,-3.818074,4.231007,108.86407299999999
262,3.583138,3.369978,2.461601,100.70316199999999
263,2.550822,2.441359,-0.422947,95.739316000000002
264,1.980572,0.905205,2.546222,97.628584000000004
265,3.644794,-2.571084,1.280231,102.54015799999999
266,-1.77319,1.232471,-1.962416,93.509346999999991
267,1.707888,1.383553,0.216593,94.552516999999995
268,-0.491261,-1.724306,2.123122,97.471045000000004
269,-1.178972,-4.325107,-1.946865,101.210612
270,-0.891887,3.805386,-4.874772,99.670895999999999
271,-0.985204,-0.400433,-2.317372,94.387028000000001
272,-1.826161,2.638727,2.967455,96.608644999999996
273,1.219194,-2.461114,4.299931,104.508039
274,-0.697527,0.913872,1.253312,93.811652000000009
275,4.738021,-0.712048,-3.671925,103.36523800000001
276,1.778009,-1.178994,2.575704,99.198945999999992
277,-3.014301,-3.732866,0.269053,100.18370400000001
278,-0.73299,-2.557333,2.538691,99.587760000000003
279,-1.566538,-4.206584,3.586117,105.57089999999999
280,2.976388,-1.971417,4.475416,106.4854
281,3.799983,2.417048,1.545375,99.454597000000007
282,4.03842,1.150157,3.542582,103.30869000000001
283,1.627198,1.724111,2.425881,96.824657999999999
284,-2.297917,-4.916169,2.271012,105.35173799999998
285,-2.476333,1.78377,3.587908,97.801364000000007
286,3.548979,0.031807,4.23003,104.49709199999999
287,0.277146,-2.690915,4.02076,103.472024
288,3.021611,-3.251035,-1.042497,101.29369
289,0.724885,-3.15017,-4.159787,101.53683599999999
290,2.331425,3.4426,3.295737,99.971402000000012
291,0.190116,4.825898,0.389316,96.213389000000006
292,2.708839,4.137396,0.420762,97.841601999999995
293,0.68858,-1.526306,3.251753,99.912430000000001
294,-0.342901,2.802246,-4.680158,98.256692000000015
295,-1.573111,0.464546,3.779604,98.22739
296,-4.317907,3.164424,-4.65366,101.056938
297,-1.220758,-0.16273,1.931946,95.173595000000006
298,-4.203739,0.899513,0.874845,95.289627999999993
299,4.828171,2.872634,1.417492,102.216612
300,-3.183871,-3.997654,-1.259198,100.806674
301,3.118587,0.370071,-2.24538,97.288673000000003
302,3.749616,-1.340167,0.094086,99.788263000000001
303,1.884133,1.043068,3.858231,100.175956
304,0.694944,4.588025,0.652897,96.256301000000008
305,-3.390286,-1.071771,1.631489,96.531278999999998
306,-0.3312,-1.07027,-0.586208,94.378450000000001
307,-1.548279,2.90637,4.721391,100.85700800000001
308,-2.7496,1.450784,2.425225,95.699086999999992
309,0.925119,-1.06116,-1.450975,95.158345999999995
310,-1.877302,1.88955,1.53531,94.158999999999992
311,4.163056,-0.959984,0.426164,100.494631
312,4.096355,-3.638868,3.840562,110.262294
313,-2.428817,-0.493567,-2.249459,94.859993000000003
314,-3.891087,-1.655806,-3.919325,99.824367999999993
315,-3.070373,-2.820311,-3.087279,99.513293000000004
316,-0.004158,4.257748,-1.129538,95.088459
317,2.285857,1.896394,3.540598,99.841958000000005
318,-2.918056,0.988209,-2.291551,94.529219000000012
319,-2.519664,2.466575,1.263588,94.376337000000007
320,3.516719,0.419711,1.235518,98.654436000000004
321,-0.841513,2.005331,-0.919529,92.910102000000009
322,1.166851,4.305598,-4.496649,100.06900200000001
323,-2.663339,3.626167,2.448339,96.911382000000003
324,-3.980327,-3.325581,-2.042745,100.28563200000001
325,0.15857,-2.36861,-1.015418,96.550090000000012
326,-0.22859,-4.283897,-1.227604,100.897255
327,-3.473284,4.786728,1.636026,98.048429999999996
328,1.218062,-2.636159,-4.136667,100.785984
329,0.440101,1.605984,0.498899,93.559661000000006
330,1.541373,-4.103693,-4.845782,105.718279
331,-3.554545,-2.892291,4.83039,106.10011900000001
332,2.515278,0.028244,0.984272,96.789971000000008
333,-2.779509,-3.950463,-1.158858,100.38199399999999
334,0.193518,-1.111266,-3.532521,96.887965999999992
335,2.85296,0.379877,1.968783,98.323116999999996
336,-4.776696,-1.607958,4.058084,102.776106
337,-1.756375,0.559002,-1.818912,93.532441000000006
338,3.729224,0.367683,2.664921,101.20135099999999
339,3.447096,-1.093895,-2.125019,98.942049999999995
340,0.384406,1.962701,4.572253,100.490083
341,3.666083,1.784825,2.023158,99.626077999999993
342,4.49806,1.873031,1.250156,100.73490100000001
343,3.26407,0.614913,4.307347,103.737791
344,3.541154,-1.419201,-2.309576,99.622672999999992
345,-4.012566,1.131123,4.236157,100.380681
346,1.513043,4.357363,1.780829,97.615537999999987
347,2.03517,0.968885,2.713625,97.977373
348,1.102408,4.795902,0.716353,96.966501999999991
349,2.996153,-0.589934,3.339047,101.874634
350,-4.654288,2.39612,1.982818,97.199877000000001
351,2.702387,-4.623961,-3.533913,105.72868
352,2.317286,2.647266,1.124611,96.31770800000001
353,-2.403016,0.182816,-2.206797,94.339721999999995
354,-2.429307,-4.946835,4.158787,109.29806299999998
355,1.323033,-2.227999,-3.017677,98.378601000000003
356,-1.547025,0.348322,-2.142835,93.823090000000008
357,2.965887,2.679629,-4.523453,100.48202800000001
358,-0.538538,-4.469074,-0.524209,101.359734
359,2.827494,0.490534,0.575878,96.683778000000018
360,4.904718,3.009946,0.735611,101.954185
361,-1.997517,1.495831,4.053774,98.69721899999999
362,-3.569942,4.31447,-1.525861,96.554578000000006
363,4.013084,-4.252686,-0.524716,105.678122
364,0.415594,-2.231935,3.512377,101.46114900000001
365,4.747404,4.192375,0.768293,102.78068500000001
366,1.366044,2.650051,1.539929,95.546797999999995
367,4.93913,0.997403,-2.216407,101.384196
368,0.460708,3.329681,-0.125287,94.158816000000002
369,0.264259,3.960435,1.209524,95.524097999999995
370,-3.645721,4.727204,-3.66606,99.824538999999987
371,-1.442948,4.985205,-4.670913,100.954791
372,-4.737814,-3.603507,-3.86589,104.068939
373,-3.396048,-4.29458,-0.225389,101.798157
374,2.456372,-4.265333,-4.759733,106.692775
375,-4.696003,-4.852562,1.262089,105.804823
376,-1.334569,4.718201,-4.024174,99.051299999999998
377,3.623463,-4.052331,-2.490385,104.590288
378,1.926777,3.417368,-0.735071,95.543059
379,1.909421,1.85173,-3.841733,97.377515000000002
380,-3.113632,-0.124428,-2.29448,95.136634000000001
381,-0.580957,-1.533051,-4.789203,99.81128799999999
382,0.815774,-1.463522,4.850456,103.975149
383,4.897517,-2.461611,1.115736,105.072867
384,-2.960938,4.11018,-1.216462,95.555550000000011
385,-2.522671,2.256425,-4.734716,98.740485000000007
386,-2.378269,-4.740742,-1.101613,102.419079
387,2.501724,-0.384787,-0.474414,96.229082000000005
388,-0.430247,-2.186987,4.310032,102.87409599999999
389,-4.430706,-4.710338,-2.214958,104.50484499999999
390,0.085162,3.846819,1.147819,95.244640000000004
391,-2.880398,2.710054,1.651684,95.158901
392,2.986042,-1.702649,-3.14039,99.790526
393,-2.026686,2.965586,0.057633,93.699787999999998
394,-4.72394,-1.753617,2.865008,100.523236
395,0.934324,-1.921176,-4.03421,99.225030000000004
396,3.438404,4.281091,1.060353,99.83061699999999
397,-1.189839,4.769162,-4.739401,100.716183
398,2.498583,0.235553,-4.929533,100.77660399999999
399,0.111415,4.519352,-4.404714,99.651629
400,0.409518,3.879965,-0.185995,94.719654000000006
401,4.594343,0.180326,4.257041,106.87276199999999
402,3.039609,-1.272512,-0.944426,98.00087400000001
403,-4.676769,2.103546,-4.249674,100.057416
404,2.093873,-0.443566,3.613525,100.90013400000001
405,-0.349985,1.052129,0.192976,93.077016
406,4.475489,4.904062,-1.810641,102.912857
407,-2.785673,2.739162,4.630323,100.945547
408,-2.32928,-1.657236,4.382618,102.04112000000001
409,-4.18526,-4.110018,-2.39981,102.69378399999999
410,-0.713812,-3.150944,-2.986081,99.248218000000008
411,-3.909812,0.268519,0.889087,95.181643000000008
412,1.337868,-0.828976,3.425182,99.962560999999994
413,3.029632,3.006597,-1.632789,97.081972000000007
414,1.968005,4.332023,0.864294,97.268211000000008
415,2.662114,-3.221353,-3.37755,102.09106300000001
416,-1.575459,3.600668,-3.054063,95.914052999999996
417,3.458515,4.573949,2.613352,101.938945
418,-0.712312,4.594706,-3.499015,97.829115000000002
419,3.240099,-4.621374,-2.34093,105.37393800000001
420,1.264962,-4.424165,1.894949,104.28000299999999
421,-3.56577,-4.942026,-4.849107,108.382907
422,-4.216131,-1.873188,-4.678056,102.145562
423,-4.816674,-4.443016,-2.124741,104.161586
424,-4.33275,-2.061375,-1.633768,98.039643000000012
425,-0.414162,-1.439835,-1.377839,94.949804999999998
426,-3.866581,4.53677,3.071906,100.20991600000001
427,-4.722167,-0.230491,-4.64019,101.267568
428,2.548615,-2.217616,-1.416048,98.609497000000005
429,-1.051495,0.030052,1.382781,94.347848999999997
430,2.469385,1.433579,-3.569959,97.582588999999984
431,-0.475952,-3.887543,3.577386,104.844021
432,-0.499133,2.580617,1.455644,94.271598999999995
433,-0.219275,3.519458,-3.847066,97.089646000000002
434,-0.259961,3.442499,-2.919026,95.484088999999997
435,3.031633,3.905068,2.454983,100.078357
436,-0.976075,-1.181576,-0.965934,94.432094000000006
437,4.046862,-0.561948,-0.155299,99.498199
438,-4.62939,-3.984185,3.874551,107.28822299999999
439,2.738743,-2.741931,-3.625565,101.649203
440,-3.743586,4.713205,4.643728,103.98065
441,1.185136,-2.15376,-4.573703,100.875812
442,-4.896357,4.073961,-4.005597,101.368661
443,0.386273,3.905523,-2.767616,96.037348000000009
444,-4.96982,4.225045,3.065851,101.114187
445,4.511938,-3.438504,-0.441272,104.87482
446,4.05402,3.797221,1.532511,101.04356899999999
447,2.959669,1.31995,-3.256789,97.878223999999989
448,4.152743,-2.893718,-3.332781,104.00786400000001
449,-3.544418,-1.548841,0.208483,96.202609999999993
450,-3.422699,-3.400812,2.402936,101.870654
451,-3.123683,-0.556518,-0.375255,94.554777000000001
452,1.224959,-4.16225,3.696141,106.93361
453,4.058095,-3.346815,1.604119,105.388048
454,4.899552,-3.028037,-2.509099,105.306718
455,2.111225,1.910273,-2.650978,95.892313000000001
456,2.318004,0.738029,-1.259533,95.304282000000001
457,4.092932,3.733231,2.566161,102.33605900000001
458,-0.991263,-2.553659,4.379377,103.58867499999999
459,-2.501493,1.29608,3.61906,97.855072000000007
460,-3.265698,-4.655687,-2.383892,103.35634000000002
461,-3.805429,0.161985,-0.877211,94.743054000000001
462,3.126106,3.632265,1.115441,98.454043999999996
463,-3.532076,4.841265,0.468345,97.231470000000002
464,-2.357025,-4.90127,-1.107251,102.910417
465,3.190892,-2.471585,-3.985792,102.48065200000001
466,-1.894127,-2.761503,2.122448,99.294630999999995
467,4.824174,-4.524624,-4.118648,109.76751200000001
468,-2.333613,-4.898275,3.660774,107.943175
469,0.336533,-0.098047,3.634484,98.827778999999992
470,-1.85533,-4.545179,2.084508,103.79709399999999
471,4.107728,-2.216719,-0.135754,101.73090099999999
472,-1.334434,1.399746,1.991466,94.588952000000006
473,-0.664077,-2.05308,-1.050129,95.751819999999995
474,0.122927,-2.303453,2.97496,100.26387799999999
475,4.388865,0.905465,2.864171,102.868394
476,-4.69051,-1.194659,-3.444714,99.499139
477,2.168787,2.02523,-1.821824,95.303328000000008
478,3.91019,-0.03876,-1.560168,98.750017999999983
479,-4.727128,1.332093,-1.358297,95.904211000000004
480,0.220512,-1.466057,0.666456,95.687156000000002
481,-1.740102,-2.129561,-4.583126,100.34425300000001
482,3.594893,-3.667929,1.599697,105.171414
483,0.585166,4.370804,-2.983682,97.071607999999998
484,1.902279,3.048358,-0.835374,95.183391
485,-0.471465,4.380285,-0.491073,95.036997000000014
486,1.28309,-3.146195,-1.512732,98.955650999999989
487,-2.099031,4.331558,-1.167197,95.294308000000001
488,-4.906514,4.357532,-3.196939,100.24798699999999
489,0.767559,-2.164555,-4.318699,100.07065499999999
490,-1.885558,-2.253658,0.512566,96.554288
491,0.172676,0.514316,0.958669,93.994590000000002
492,4.164059,-3.147108,-3.545002,104.72848999999999
493,-0.735252,-0.578989,-2.690583,94.946596999999997
494,-2.52604,-3.146824,-2.136229,98.793721000000005
495,-1.287062,4.473759,3.307514,99.065432000000001
496,4.318611,-0.061753,-3.465791,101.512795
497,4.368684,4.639178,0.521388,102.271226
498,3.443299,1.449417,0.681397,97.692083999999994
499,4.202065,-0.156842,-1.565799,99.519250999999997
500,-2.720997,4.676952,-1.493828,96.326279999999997
501,-4.125178,-3.568102,4.59112,107.45958399999999
502,-2.726903,1.323299,0.533439,93.664195000000007
503,-1.856234,1.618884,1.527312,94.100900999999993
504,-3.252341,-0.661602,-0.092599,94.797907000000009
505,1.070942,-4.406428,1.4665,103.472669
506,-0.864136,-0.072774,1.052508,94.106063000000006
507,3.163515,-0.348661,-3.548267,99.345918000000012
508,-3.148696,3.067468,-1.653195,94.864564999999999
509,2.018765,-2.43339,-0.39566,98.318073999999996
510,-2.596444,-1.085696,-3.721783,97.606321000000008
511,0.742191,-2.598278,-1.369267,97.376577999999995
512,-1.510124,1.864434,-2.718584,94.282199000000006
513,-4.430356,4.898835,3.475026,102.24609799999999
514,-2.711863,-3.225705,-1.585259,98.719989999999996
515,1.641026,3.214467,-2.732107,96.163375000000002
516,-0.027499,-2.690114,-0.918186,97.082538999999997
517,0.19016,-4.420242,1.83064,103.39470599999999
518,-3.252798,-3.611835,-4.34378,103.51131099999999
519,0.707159,4.351531,-3.192708,97.406543999999997
520,4.967534,3.885421,1.943069,104.079644
521,3.168351,-2.107395,2.522566,102.64560299999999
522,0.943726,4.477641,1.177543,96.657912999999994
523,4.759891,3.499305,3.791986,106.122242
524,4.015626,-0.653452,-3.311998,100.966132
525,0.956079,-0.319504,2.035477,96.447405000000003
526,-4.675737,1.29853,4.172602,100.93159299999999
527,-4.064229,-3.419682,-3.492603,102.24975699999999
528,-4.346283,-4.852179,-2.56236,105.11494199999999
529,-0.482669,-2.34488,0.466846,96.705745000000007
530,-1.245652,-4.845564,-1.558807,102.567179
531,4.7535,1.744988,1.906391,102.18733
532,-3.320167,0.514688,-4.424324,98.593806000000001
533,4.727876,-1.783519,-3.392359,103.939474
534,2.674749,2.802023,2.162383,98.177900999999991
535,3.242378,-3.542146,4.706187,110.65162600000001
536,1.326158,-2.551194,4.295504,104.779596
537,1.687328,-2.076862,4.01067,103.573318
538,-0.231177,-3.040681,-3.722567,100.17322300000001
539,-4.868636,-4.120613,-3.540711,104.90057300000001
540,-1.469939,3.699762,-4.277352,98.234715999999992
541,-0.079282,-4.118114,0.425402,100.920422
542,2.300912,1.837103,3.824862,100.515816
543,-0.313717,-3.795991,0.317919,99.902551000000003
544,-0.425951,-4.89301,2.817153,106.181287
545,-3.623373,0.572682,-3.115462,96.385230000000007
546,-4.891113,4.071091,3.631113,101.915941
547,2.582783,3.604567,-3.125752,98.171569000000005
548,-1.800472,-1.615486,-4.452359,99.320128999999994
549,4.843835,-4.728412,-0.78509,108.813112
550,-2.797658,3.008594,0.551044,94.379953999999998
551,-1.61292,3.059849,4.70742,100.938633
552,0.238961,3.684881,-4.082462,97.864658999999989
553,2.548915,1.696466,-2.260819,96.099384000000001
554,-0.361422,3.077789,-3.948929,96.848382999999998
555,-3.751775,3.974983,-1.095604,96.102415000000008
556,-1.874986,-0.4617,-2.109889,94.432546000000002
557,0.045192,0.578253,0.133003,93.348077000000004
558,1.73849,0.061311,-1.517433,94.958058999999992
559,2.7015,1.919839,4.28228,102.27469600000001
560,-3.696642,1.829069,2.899478,97.271505000000005
561,-4.770849,0.203136,3.610114,100.00637399999999
562,0.190823,3.284681,-3.704991,96.699864999999988
563,3.099887,0.057794,0.750702,97.574184000000002
564,-4.873962,3.248586,-2.852175,98.509590000000003
565,1.724698,-2.181549,3.682386,103.003241
566,1.868082,-3.215052,-4.849806,103.958371
567,-0.507532,4.698706,-3.942558,98.830213000000015
568,4.147887,2.419395,-1.239429,98.997394000000014
569,1.443611,-2.402083,-0.979061,97.528337000000008
570,-4.947602,0.812353,-2.227799,97.025934000000007
571,-0.155716,4.552623,-4.03937,98.849468999999999
572,3.593178,-4.192461,-3.812696,106.167737
573,3.303996,-4.164658,-1.820552,104.024303
574,1.491542,1.191348,4.507928,101.33642399999999
575,1.736984,-2.755065,-2.925934,99.573551000000009
576,0.784996,2.65184,2.472803,96.322656999999992
577,-2.258802,0.681525,-2.418113,94.271008000000009
578,0.6053,1.661881,-4.627597,97.950124000000002
579,1.717298,-3.921861,-4.839478,105.37841499999999
580,-1.475704,-4.157169,-3.472941,102.437749
581,3.558284,1.251211,-0.379158,97.420848000000007
582,-3.049625,-0.902687,2.559011,97.39538300000001
583,2.473208,-4.127475,2.288149,105.49515299999999
584,-2.103973,-1.289361,-1.476106,94.964225999999996
585,2.737993,1.721444,-0.208607,95.887533000000005
586,-0.722627,-3.104126,3.140738,101.90658999999999
587,3.076984,3.957291,3.384029,101.764679
588,-1.464651,4.498464,-1.800833,95.680223000000012
589,-2.863068,4.615725,-4.95735,101.788456
590,2.672845,2.300826,-4.530692,99.898584999999997
591,-1.913581,-0.937116,2.378074,96.684365999999997
592,2.332451,2.437492,-2.273677,96.011111
593,2.444732,-2.120131,-0.185142,98.429460000000006
594,-2.786033,-1.855828,-3.079687,97.660706000000005
595,-2.858879,1.058964,3.471129,97.738599999999991
596,-3.010521,0.948471,0.033776,93.703108
597,-3.574817,3.78661,0.271602,95.690704000000011
598,-1.229174,-2.453992,-2.119204,96.963419000000002
599,-4.733721,2.661884,0.119992,96.092427000000001
600,-3.890796,4.410133,-4.980364,102.59620100000001
601,1.74564,-4.989671,-2.22705,104.58061699999999
602,2.997765,-0.239109,-1.51237,97.013013999999998
603,-4.194705,1.570403,-2.160491,95.795142999999996
604,-2.682977,3.433232,-4.140478,98.301358000000008
605,-2.923743,-3.162606,0.217812,98.713974000000007
606,4.173336,3.561592,2.884791,102.88423800000001
607,2.113145,-1.356345,4.425984,104.077292
608,0.538846,3.922739,-0.027102,94.889631000000008
609,-1.95482,-4.722883,0.937539,102.98668800000002
610,3.34854,-4.146099,-2.091401,104.14436900000001
611,-0.64694,4.814105,-3.508405,98.212060000000008
612,4.234562,1.095019,-3.681283,101.215834
613,2.060518,-0.823677,2.323608,98.68939499999999
614,-0.219687,-3.307858,2.344694,101.06828300000001
615,-3.737899,1.499012,-3.2065,96.578659999999999
616,4.760436,-4.630249,-0.864396,108.31163099999999
617,-3.401663,-1.883861,0.941443,97.024297000000004
618,-2.973979,-1.765208,-3.747181,98.759242
619,-0.688182,1.074419,2.853689,96.095934999999997
620,-0.957981,1.508313,1.199922,93.647469999999998
621,-3.532485,3.460546,1.152217,95.837721999999999
622,2.293189,4.275809,2.012081,98.737403
623,-3.112549,1.604577,4.871831,101.39151200000001
624,1.438956,0.781739,0.623945,94.626904999999994
625,2.54306,-1.012845,3.644163,102.28287900000001
626,-2.892676,4.666125,-0.812913,96.179025999999993
627,1.009542,-3.459208,1.544694,101.02390199999999
628,2.489284,3.950868,4.252612,102.74058500000001
629,1.382187,-1.889869,1.641508,98.327488000000002
630,0.971273,0.484891,-1.969193,94.241178999999988
631,-2.045177,1.820663,1.199457,93.854698999999997
632,2.316065,-2.635303,-1.486817,99.037191000000007
633,4.453084,-3.322633,-1.776333,104.399727
634,-0.744386,0.08482,1.102051,94.056791000000004
635,2.821818,2.918639,-3.396768,98.306208999999996
636,-4.43859,1.924145,-0.132611,95.275215999999986
637,3.352716,-3.810267,4.456343,110.789608
638,-3.0775,4.007422,-1.160858,95.49845400000001
639,-1.049031,-0.202624,-3.110374,95.205338999999995
640,-1.99919,4.466767,-0.311611,95.333315999999996
641,-4.198964,0.534337,3.409078,98.810935999999998
642,4.04631,-4.151982,3.426677,110.456276
643,-1.298458,-2.97537,3.278032,101.809893
644,0.306974,3.54238,-4.885245,99.579343999999992
645,-0.058837,2.059274,-2.329597,93.905359000000004
646,-3.678389,3.949395,4.998758,103.811869
647,-2.935459,-1.70854,-3.803167,98.755727000000007
648,-4.238112,0.280014,-0.099105,95.149505000000005
649,0.079217,1.503981,2.900262,96.393749999999997
650,-2.384504,0.942909,-3.777861,96.342844999999997
651,-1.429384,-2.685371,1.624092,98.395364000000001
652,-3.919347,-0.731787,-0.119196,95.506209000000013
653,2.875518,-2.518885,-3.0571,100.710419
654,-3.934161,3.45615,3.7863,100.361486
655,4.857088,4.866774,-3.185126,104.78418600000001
656,-3.228388,-4.334292,1.390529,102.89199300000001
657,0.724051,2.13928,2.408269,95.983996000000005
658,-4.551547,-1.698844,0.626729,97.720177000000007
659,2.871163,1.254354,1.288416,97.158262000000008
660,-3.103941,-2.418704,-3.810346,99.978437
661,0.27904,1.510076,-1.91963,93.575266999999997
662,2.400775,-1.288528,0.869622,97.847712999999999
663,-3.500685,-2.051791,-1.045363,96.850094999999996
664,0.510872,4.117632,1.639461,96.305186999999989
665,-2.833828,4.424989,3.519546,100.05941899999999
666,2.59196,1.1355,-3.097779,97.080523999999997
667,2.229152,-2.855322,4.032727,105.802933
668,-3.23451,4.394189,-1.168241,96.157769999999999
669,3.619666,2.504535,4.431243,104.43802400000001
670,-4.802249,2.510898,1.173823,96.645601999999997
671,3.60237,-2.882787,2.900955,105.61032
672,0.589038,3.301565,0.147754,94.299593999999999
673,-0.967795,-2.599048,0.311447,97.014014000000003
674,2.587469,1.316207,-1.724061,95.785374999999988
675,2.16929,2.107396,-3.706353,97.50461
676,4.873262,2.423834,-1.161781,100.94806600000001
677,-2.21915,-1.097353,-2.850235,96.023246
678,-4.962063,2.598254,-4.671347,101.755458
679,4.339026,4.029359,-2.251132,101.33206799999999
680,3.578971,0.8742,-3.194239,99.038657000000001
681,2.288509,-4.095903,3.755303,108.10518300000001
682,0.166888,-3.71024,-4.187634,102.636056
683,2.069562,-3.947375,-3.161044,102.77761
684,2.805296,-3.272725,2.040307,103.505011
685,-1.251241,-3.735691,4.192259,105.758554
686,2.703225,2.783009,-2.485415,96.944798000000006
687,2.506243,-4.605885,-4.786989,107.71635599999999
688,1.132112,-2.584416,4.605045,105.49047400000001
689,-0.981341,3.790664,1.822206,95.678027999999983
690,1.97308,4.735189,-1.893373,97.819328999999996
691,-4.968871,1.05422,-0.276266,95.968173000000007
692,2.748966,4.762383,0.992559,99.212042999999994
693,3.964166,-4.565485,-1.261314,106.27959100000001
694,-2.606843,4.485728,3.744878,100.506258
695,-3.792328,-1.887039,2.261726,98.843878999999987
696,-2.79716,2.989728,4.543407,100.893833
697,-1.979033,3.106291,-1.489345,93.999391000000003
698,3.830285,3.599986,4.371741,105.17541
699,0.431664,-0.414492,-0.208994,94.09798099999999
700,-2.132884,4.306444,1.423226,96.145325
701,-3.616453,-2.42107,2.366472,99.810440999999997
702,-2.098555,4.344455,3.09338,98.671237000000005
703,1.138711,1.191196,-1.037406,93.766950000000008
704,-1.758615,4.854449,-0.52054,95.866201999999987
705,-0.426398,-4.673561,3.17277,106.20592199999999
706,-0.558829,2.251667,2.175572,95.044228000000004
707,3.281354,0.655542,4.408492,104.018145
708,-0.736518,-0.07576,4.795979,101.34045800000001
709,-1.543012,-2.407819,-3.210867,98.162998999999999
710,1.749716,-1.731693,-2.720806,97.682671999999997
711,-2.785179,-2.505378,2.159864,99.130687999999992
712,-0.327542,-2.807321,2.473827,100.12053
713,-1.852343,2.996608,1.031796,94.214000999999996
714,1.268556,0.02395,3.772998,99.845873000000012
715,3.773605,-4.168101,-2.480095,105.15125499999999
716,-0.52311,2.769842,-1.605126,93.586972000000003
717,2.844574,0.336491,-0.053532,96.426764999999989
718,-0.430343,2.393878,-1.849729,93.541573
719,1.562293,0.153937,0.454391,94.965214000000003
720,-3.68159,-1.000541,1.824781,96.915721000000005
721,-0.670185,4.862468,-2.796331,97.229774999999989
722,4.09312,-4.717574,-0.146625,107.29928200000001
723,1.05479,4.327639,4.929814,103.523971
724,2.667746,4.30855,-1.758387,98.016949000000011
725,0.047006,-1.090813,-4.646381,99.053248999999994
726,-0.019444,-2.855351,3.173517,101.699353
727,3.428998,1.192133,0.033068,97.294250000000005
728,-4.321931,-3.220277,-4.472161,103.980887
729,0.732723,3.032082,3.90305,99.371917999999994
730,4.427626,-2.460661,-0.954856,102.658185
731,0.1786,-2.091938,4.292732,102.96711500000001
732,-3.055342,4.159158,-0.979218,95.612551999999994
733,3.479394,4.029168,-4.231677,101.80399800000001
734,-2.483609,0.353809,-2.546989,94.674249000000003
735,2.00726,3.62839,-1.497395,96.045513999999997
736,0.402609,-1.474674,2.507283,98.170877000000004
737,4.488363,4.978843,-3.152518,103.961197
738,1.243367,-0.663103,-0.690263,94.88571300000001
739,3.37978,-2.05188,3.732454,105.456924
740,-4.920671,-4.584258,0.337611,104.57928699999999
741,4.893401,4.89707,-3.968453,105.754592
742,-4.222854,-0.351124,-4.754775,100.88064600000001
743,-1.778705,2.34585,2.058098,94.945757
744,4.461524,1.408076,4.791275,107.42793800000001
745,-4.910609,2.230934,2.851653,98.753976999999992
746,3.2273,-4.488891,2.647262,108.27450999999999
747,3.612116,4.200454,1.754475,100.718717
748,-0.601692,4.268412,2.955027,98.077221000000009
749,-2.442548,0.51995,-4.599822,98.254424999999998
750,3.026895,4.639159,-2.353184,99.534405000000007
751,-0.22138,-2.190445,1.953975,98.114135000000005
752,-3.656614,1.021466,3.669883,98.738431999999989
753,4.27849,-1.035373,1.746069,102.238175
754,3.9597,1.280232,-3.237239,99.861070999999995
755,-0.084548,-1.993677,4.363085,102.8323
756,3.567025,3.193584,4.033787,103.56059300000001
757,-0.81422,-4.30214,-4.133212,103.91974400000001
758,1.834649,-4.581224,-3.07,104.158096
759,-1.020094,-4.506036,-2.24807,101.93723200000001
760,0.05742,-3.49545,2.384119,101.71578700000001
761,-3.104483,-1.046495,3.593733,99.594170000000005
762,4.649889,4.5539,0.783224,103.05221999999999
763,-2.057843,-3.892046,-3.003544,101.24272300000001
764,-3.965404,1.47553,-0.849101,94.635345000000001
765,-3.556846,0.276215,-3.621408,97.271067000000016
766,-4.859077,-1.467576,4.173962,102.940945
767,2.159457,-3.018008,2.645309,103.024125
768,0.644983,-2.794059,0.102138,97.910570000000007
769,2.945784,-4.561785,-0.46425,104.59906799999999
770,0.070799,2.13164,-4.021579,96.516133999999994
771,2.91821,1.538402,-1.813246,96.384498000000008
772,1.957642,-0.562302,-3.793672,98.141714000000007
773,2.778485,2.189395,2.823381,99.208736999999985
774,-0.935171,-3.90024,0.448837,100.138306
775,1.477706,4.387192,-2.727226,97.436864000000014
776,-3.202057,3.476267,-2.757972,96.397670000000005
777,-1.7818,1.590357,-2.396018,93.942036999999999
778,-3.273954,-1.211688,-1.911272,95.917839000000001
779,-0.913628,-0.834333,-1.122949,94.062979999999996
780,-2.585813,-0.178461,-2.024511,94.508959000000004
781,-0.93078,4.352838,1.795559,96.381776000000002
782,4.752223,3.63593,-4.649264,105.03305100000001
783,-1.796807,-0.220762,-1.718897,93.911563999999998
784,4.824909,0.545185,2.452919,103.451144
785,1.363061,3.754039,4.42808,101.74635800000001
786,-1.24909,4.492644,3.027326,98.536563000000001
787,3.574845,1.391848,-2.591738,98.246054000000001
788,1.195867,2.485203,-2.670845,95.165470999999997
789,-2.479669,-1.483751,-3.096632,96.973822999999996
790,2.928557,4.180283,3.824975,102.628749
791,-0.670615,3.36752,-2.621443,94.978120000000004
792,-1.424888,0.520559,2.581806,95.74628899999999
793,-1.697231,3.676272,-2.389503,95.18887500000001
794,1.973689,3.498719,-4.669182,100.148338
795,-2.313499,3.084114,2.334477,96.019757999999996
796,3.08278,-3.693072,2.262018,105.298435
797,-2.047112,0.360026,-4.110409,96.976064000000008
798,0.441214,4.007831,-1.732987,95.234207999999995
799,-0.120785,2.708318,4.483653,100.227266
800,3.553564,-0.792868,-3.37051,100.17132599999999
801,3.883864,4.778804,-4.133275,103.43851000000001
802,-3.156156,-2.492268,0.946039,97.928967
803,0.853485,-1.663898,4.309899,102.803438
804,3.98205,4.542005,-3.662217,102.54478599999999
805,-0.538828,3.087153,0.130123,93.637090999999998
806,4.218683,4.0034,1.839992,102.009153
807,-2.210091,-4.884104,-3.281702,104.466588
808,1.088312,-1.202356,-4.887401,100.29057400000001
809,1.824537,-2.64478,3.876831,104.464129
810,-2.717943,-2.040649,-4.647687,100.85706500000001
811,-4.862325,2.379955,-2.425417,97.356600999999984
812,-0.83276,2.240848,1.51684,94.133316000000008
813,4.384819,-0.382006,-2.142171,100.43404099999999
814,-1.569719,-1.347255,-4.902924,99.981607999999994
815,2.797443,0.846916,0.754518,96.623783000000003
816,-3.252637,0.337078,-1.922077,94.663616999999988
817,-1.580472,0.505796,-3.484859,95.529719999999998
818,-3.554023,1.154771,4.712833,101.24571999999999
819,2.167708,-1.043517,-3.350277,98.124617000000001
820,1.993076,2.717185,2.272354,97.281487999999996
821,1.884973,-2.487968,3.907242,104.30820200000001
822,-2.46604,1.557608,3.587151,97.768088000000006
823,1.923601,4.603971,-3.157429,98.778323
824,-2.727025,-4.964452,-2.631915,104.17902000000001
825,-0.753509,2.23361,-4.816374,98.257075999999998
826,-1.280779,-3.91005,4.314055,106.522943
827,-1.446921,0.437875,3.871212,98.453546000000003
828,-4.423452,1.26916,0.954662,95.585429000000005
829,1.316466,-2.570529,-3.906323,100.308639
830,2.073166,4.138439,-3.264574,98.370159000000001
831,1.135887,1.223125,0.769604,94.316012999999998
832,1.483128,-2.683053,-2.48343,98.755190999999996
833,-3.300593,2.701322,-1.998282,95.020844999999994
834,-3.505532,-3.944929,-3.290127,102.63890599999999
835,0.14175,0.552253,-3.104083,94.953900000000004
836,3.753327,-4.050439,-0.365788,104.68563900000001
837,-3.160466,0.809841,0.09874,93.872533000000004
838,-0.371609,-2.470199,0.115799,96.767942000000005
839,-0.710677,1.494668,4.971388,101.177403
840,-0.027108,2.15827,-3.704042,95.886865999999998
841,-3.384892,0.241856,2.561699,96.65970999999999
842,-1.575594,1.575214,2.937567,96.171363999999997
843,-2.381196,3.132938,0.848826,94.412836999999996
844,3.445269,3.075123,-0.372618,97.811316000000005
845,3.003322,1.19682,3.934266,102.045196
846,-0.733608,-0.488975,3.281802,97.916746000000003
847,1.070155,-0.9205,-4.497091,99.054451
848,-3.545344,3.747476,4.629838,102.413173
849,0.096133,2.029317,-4.926601,98.571552999999994
850,-2.030529,-3.15065,0.731322,98.596181999999999
851,3.59651,0.657321,0.724308,98.228792999999996
852,1.715984,4.08808,3.343797,99.918866000000008
853,1.33474,-3.4931,-1.152839,99.722202999999993
854,-3.752487,3.455177,-4.089591,99.265875999999992
855,-0.294121,3.202025,0.816873,94.172571000000005
856,4.865728,-0.006589,-4.751541,105.429293
857,4.482992,-4.624161,-1.382042,107.57555600000001
858,1.450856,-3.524975,4.853168,108.55288299999999
859,-3.482751,4.226387,3.687789,100.645527
860,1.391268,-4.558452,-3.475033,104.26146199999999
861,0.656621,-1.275012,2.988261,98.977056000000005
862,-0.313342,1.190396,3.109969,96.677395999999987
863,-0.719625,-3.03052,4.282072,104.403103
864,0.992698,4.810798,-2.756157,97.777331000000004
865,3.499699,-3.440248,-0.010325,102.904203
866,2.51121,0.396792,3.274441,100.078801
867,0.793605,1.180113,1.673338,94.956670000000003
868,4.247042,-2.690101,0.939361,103.69167
869,-4.3526,-0.33691,1.519758,96.609718000000015
870,4.913465,-0.089915,-2.61484,102.06230099999999
871,-4.470055,2.668624,-4.744599,101.17099100000001
872,-3.005045,1.342808,2.362573,95.761864000000003
873,-0.772473,-0.324499,-1.732082,93.858520999999996
874,-3.924911,1.669425,-1.232431,94.758759999999995
875,1.236704,-0.466226,1.126161,95.695820999999995
876,-4.520074,0.257116,1.57165,96.483817999999999
877,-2.153761,1.58568,-2.971011,94.843416999999988
878,-4.389633,-3.188046,3.260315,103.69842499999999
879,2.035193,2.880496,-1.197934,95.287457999999987
880,1.684562,1.028653,1.317444,95.466270000000009
881,-1.214194,4.803329,4.664114,102.836066
882,-3.118057,-2.776168,0.647862,98.249875000000003
883,2.470048,-0.337335,-1.410889,96.184518999999995
884,-1.596207,3.956418,1.189701,95.260653000000005
885,2.953012,1.014334,0.017931,96.391726000000006
886,-0.120991,2.259588,-0.476238,93.105268999999993
887,0.256694,-0.863298,2.322707,96.946232000000009
888,-4.715092,1.843096,4.245101,101.254802
889,1.44232,4.46055,-0.207286,96.367819999999995
890,-1.493435,-2.998139,-4.117698,100.84322900000001
891,-2.70795,3.073653,0.696536,94.457222000000002
892,-0.661166,4.69538,-2.550491,96.648336999999998
893,-1.175325,-4.854313,-4.604221,106.51383999999999
894,-0.30211,-2.847904,2.881402,100.96480099999999
895,4.794834,-3.826231,-2.272318,106.507137
896,-1.356219,2.674235,2.770705,96.177684999999997
897,2.744101,-4.187834,-0.117911,103.407032
898,0.527676,4.984136,-1.820641,96.906427000000008
899,3.891311,-1.10388,-1.859745,99.732497999999993
900,-1.450471,4.052028,-4.579752,99.341322000000005
901,-2.544813,-3.114224,0.343998,98.455348000000001
902,4.110192,-0.591278,3.235516,103.947604
903,-4.564657,3.448118,-4.161046,100.52995999999999
904,4.507534,0.952698,-3.914413,102.343875
905,0.564069,-0.378419,0.292559,94.369679000000005
906,-1.236368,0.126497,1.601418,94.528334000000001
907,4.950523,0.738855,1.94746,102.95057800000001
908,-4.416374,-0.596808,-1.867783,96.568936000000008
909,0.167064,-3.06441,-4.622222,102.11832700000001
910,-4.689029,-3.860342,-0.854371,101.95245799999999
911,0.711757,-3.487721,-2.739558,100.1473
912,-3.195315,-4.47509,-4.988852,107.116641
913,1.309592,0.586764,1.857166,95.886649000000006
914,4.809237,3.47721,4.520625,107.97518599999999
915,3.749026,-1.408807,-1.088482,99.563288999999997
916,-0.481638,-4.246891,-1.997016,101.05368300000001
917,2.084609,-0.742756,0.537518,96.455359000000001
918,2.774688,1.020078,3.519763,100.734872
919,-0.051569,-0.745965,2.949674,97.771900000000002
920,0.285335,3.107212,1.847567,95.377628000000001
921,-3.492156,4.418862,-0.678929,96.311327000000006
922,-1.306001,3.699108,1.90434,95.698660000000004
923,-3.577787,2.039995,-2.839746,95.961112
924,2.268938,-0.297011,-2.160566,96.260279999999995
925,-0.22987,1.82698,2.778206,96.040458000000001
926,-0.511212,-4.865817,4.299801,109.363433
927,3.85998,4.824781,-3.099505,102.135974
928,0.276188,-3.279227,-2.039367,98.857985999999997
929,-0.909092,4.062604,-4.937897,100.152503
930,-2.31108,3.071099,-0.684378,93.856683000000004
931,-4.27988,3.001397,-2.897049,97.461815999999999
932,-0.818639,-2.310639,1.414248,97.444357999999994
933,-4.742465,-2.808462,2.095892,101.33618799999999
934,-2.088461,-0.711993,-3.812223,97.107474999999994
935,0.035095,3.493711,-4.17856,97.790556999999993
936,4.659331,-0.496204,4.063351,107.09387100000001
937,-3.906171,4.354201,-1.107612,96.779567999999998
938,1.730411,-1.473207,0.334035,96.763784999999999
939,-0.000676,1.193922,4.632416,100.49419899999999
940,2.770982,4.80699,2.59054,100.99806599999999
941,-3.56393,1.434625,-1.744597,94.635408000000012
942,-4.167974,-4.545018,-4.141507,106.24284499999999
943,-1.007814,-0.364429,0.36024,93.818729000000005
944,2.969623,-1.652487,-1.638746,98.490525999999988
945,-3.083243,0.321815,-4.783146,99.291985000000011
946,2.677772,-2.152538,2.711523,102.22979000000001
947,-2.09702,-3.777388,-1.150909,99.597712000000001
948,-2.831085,1.68289,0.713212,93.866232999999994
949,-4.832844,1.813598,2.557429,98.004605999999995
950,-1.013409,3.671393,4.408474,100.613394
951,-1.189185,-3.676185,1.123223,100.11451
952,1.593449,2.986203,-1.846038,95.135386000000011
953,-4.290816,3.267687,-3.899235,99.418351999999999
954,-3.47396,1.465499,-4.260811,98.291097000000008
955,-4.834241,-2.950779,-1.803092,100.412025
956,-3.862036,-2.385793,1.608391,98.945879999999988
957,1.517893,-0.815032,1.951521,97.409400000000005
958,-0.973431,0.417991,-2.92282,94.58096900000001
959,-1.789737,-0.22562,-4.172041,97.308374999999998
960,0.57912,-0.325401,-1.944893,94.452671999999993
961,4.934605,3.398407,0.475746,102.216024
962,3.344865,3.701024,2.546697,100.610232
963,1.996232,3.16754,0.296573,95.635507000000004
964,4.182586,3.778014,-2.130162,100.54958999999999
965,-4.602713,0.710088,1.241797,96.115031999999999
966,-4.296666,4.640361,-2.351633,98.585711000000003
967,-0.259937,1.065443,1.526929,94.191791999999992
968,-1.508326,1.039477,3.41898,97.192705000000004
969,4.372521,-1.807023,1.389478,103.01466500000001
970,-0.10435,1.812042,0.656315,93.410122999999999
971,0.396491,-4.480343,-1.928579,101.947053
972,3.952604,-3.654536,3.76777,109.83317
973,-0.53365,-3.697578,4.888219,107.703131
974,3.770344,1.552013,2.774794,101.069193
975,-2.464183,-3.246674,0.736439,98.982416000000001
976,-2.261903,-1.588532,-3.587207,97.767741000000001
977,-1.716386,-4.556883,-1.85071,101.90758700000001
978,0.475643,-2.662656,-1.331407,97.328817999999984
979,-2.798713,4.642243,-2.081048,96.758265999999992
980,1.714292,0.091394,-0.540472,94.778899999999993
981,-3.572067,-3.489255,1.106325,100.59129
982,-4.058997,0.230085,-2.870854,96.67931200000001
983,3.701917,4.435094,-2.502402,100.602565
984,-2.631313,3.65686,-3.878495,97.948188999999999
985,-1.13996,-1.079341,-1.924114,94.738230000000001
986,0.715421,-2.161325,-0.025517,96.684313000000003
987,0.25802,2.617299,-0.101922,93.507599999999996
988,-4.239761,-2.595157,4.955772,106.33811
989,3.741259,-2.457676,4.811086,109.671965
990,4.511356,-4.159136,-0.634372,106.51137900000001
991,3.125073,3.641441,4.720206,104.72599099999999
992,-2.161982,-0.521011,-2.856021,95.435316
993,0.278468,0.617863,0.411209,93.595429999999993
994,-1.605833,2.36711,-0.465647,93.096814999999992
995,0.546673,2.964889,4.676089,101.22473400000001
996,4.744035,-0.524919,3.361762,105.717274
997,-1.882971,-3.158724,-2.858531,99.268708000000004
998,1.687966,3.287329,-0.604609,95.126468000000003
999,-1.740328,-4.69002,-3.31523,103.77215799999999
1000,2.744773,4.467283,0.290872,98.327821999999998
